Transaction ID,Student ID,Book Title,Course and Year,Date Borrowed
20230928-001,2024-90766-LQ-0,Computer Hardware,DCpET-1,28/09/2023
20230928-001,2024-90766-LQ-0,Basic Programming,DCpET-1,28/09/2023
20240523-001,2024-38927-LQ-0,Building Utilities,BSARCHI-1,23/05/2024
20240523-001,2024-38927-LQ-0,Architectural Design,BSARCHI-1,23/05/2024
20230830-001,2024-62161-LQ-0,Web Development,DICT-1,30/08/2023
20230830-001,2024-62161-LQ-0,IT Fundamentals,DICT-1,30/08/2023
20231011-001,2024-83602-LQ-0,Research Writing Techniques,BSOA-1,11/10/2023
20231011-001,2024-83602-LQ-0,English Grammar and Composition,BSOA-1,11/10/2023
20230917-001,2024-44471-LQ-0,Research Writing Techniques,BSMM-1,17/09/2023
20230507-001,2024-90685-LQ-0,Curriculum Development,BSED-1,07/05/2023
20240410-001,2023-19467-LQ-0,Digital Logic Design,BSEE-2,10/04/2024
20240410-001,2023-19467-LQ-0,Power Systems,BSEE-2,10/04/2024
20240410-001,2023-19467-LQ-0,Electric Circuits,BSEE-2,10/04/2024
20230505-001,2021-00589-LQ-0,Philippine History,BSOA-4,05/05/2023
20231006-001,2022-01781-LQ-0,Curriculum Development,BSED-3,06/10/2023
20230313-001,2021-75701-LQ-0,Database System Concepts,BSIT-4,13/03/2023
20230313-001,2021-75701-LQ-0,Artificial Intelligence,BSIT-4,13/03/2023
20230716-001,2023-57920-LQ-0,Philippine History,BSAM-2,16/07/2023
20230716-001,2023-57920-LQ-0,English Grammar and Composition,BSAM-2,16/07/2023
20230716-001,2023-57920-LQ-0,Research Writing Techniques,BSAM-2,16/07/2023
20230702-001,2022-02558-LQ-0,Basic Electrical Engineering,DEET-3,02/07/2023
20230702-001,2022-02558-LQ-0,Industrial Electronics,DEET-3,02/07/2023
20230727-001,2021-89619-LQ-0,Housekeeping Management,BSHM-4,27/07/2023
20230727-001,2021-89619-LQ-0,Food and Beverage Services,BSHM-4,27/07/2023
20240127-001,2024-09823-LQ-0,Research Writing Techniques,BPA-1,27/01/2024
20240127-001,2024-09823-LQ-0,English Grammar and Composition,BPA-1,27/01/2024
20240127-001,2024-09823-LQ-0,Philippine History,BPA-1,27/01/2024
20230622-001,2023-58487-LQ-0,Philippine History,BSMM-2,22/06/2023
20230622-001,2023-58487-LQ-0,English Grammar and Composition,BSMM-2,22/06/2023
20230622-001,2023-58487-LQ-0,Research Writing Techniques,BSMM-2,22/06/2023
20230114-001,2023-04851-LQ-0,Automotive Servicing,DCvET-2,14/01/2023
20230309-001,2021-55736-LQ-0,Electric Circuits,BSEE-4,09/03/2023
20230309-001,2021-55736-LQ-0,Power Systems,BSEE-4,09/03/2023
20230309-001,2021-55736-LQ-0,Digital Logic Design,BSEE-4,09/03/2023
20230519-001,2023-27253-LQ-0,Housekeeping Management,BSHM-2,19/05/2023
20230713-001,2021-24063-LQ-0,Research Writing Techniques,BSND-4,13/07/2023
20230713-001,2021-24063-LQ-0,English Grammar and Composition,BSND-4,13/07/2023
20240430-001,2024-03443-LQ-0,Research Writing Techniques,BSND-1,30/04/2024
20230331-001,2024-65478-LQ-0,Geotechnical Engineering,BSCE-1,31/03/2023
20230331-001,2024-65478-LQ-0,Hydraulics,BSCE-1,31/03/2023
20240328-001,2022-36132-LQ-0,Structural Analysis,BSCE-3,28/03/2024
20240328-001,2022-36132-LQ-0,Hydraulics,BSCE-3,28/03/2024
20231104-001,2023-73614-LQ-0,English Grammar and Composition,BEED-2,04/11/2023
20231104-001,2023-73614-LQ-0,Philippine History,BEED-2,04/11/2023
20231104-001,2023-73614-LQ-0,Research Writing Techniques,BEED-2,04/11/2023
20240329-001,2021-85180-LQ-0,English Grammar and Composition,BSND-4,29/03/2024
20240329-001,2021-85180-LQ-0,Philippine History,BSND-4,29/03/2024
20240329-001,2021-85180-LQ-0,Research Writing Techniques,BSND-4,29/03/2024
20230204-001,2021-70028-LQ-0,Computer Networks,BSIT-4,04/02/2023
20230213-001,2023-09951-LQ-0,Philippine History,DOMT-2,13/02/2023
20240317-001,2022-85291-LQ-0,Electric Circuits,BSEE-3,17/03/2024
20240317-001,2022-85291-LQ-0,Digital Logic Design,BSEE-3,17/03/2024
20230312-001,2023-52812-LQ-0,Philippine History,BSBIO-2,12/03/2023
20230113-001,2022-65709-LQ-0,Geotechnical Engineering,BSCE-3,13/01/2023
20230113-001,2022-65709-LQ-0,Hydraulics,BSCE-3,13/01/2023
20230113-001,2022-65709-LQ-0,Structural Analysis,BSCE-3,13/01/2023
20240612-001,2024-40918-LQ-0,Auditing Theory,BSA-1,12/06/2024
20240612-001,2024-40918-LQ-0,Advanced Financial Accounting,BSA-1,12/06/2024
20240612-001,2024-40918-LQ-0,Taxation Law,BSA-1,12/06/2024
20240405-001,2023-79480-LQ-0,IT Fundamentals,DICT-2,05/04/2024
20240405-001,2023-79480-LQ-0,Web Development,DICT-2,05/04/2024
20231124-001,2024-77148-LQ-0,Geotechnical Engineering,BSCE-1,24/11/2023
20231124-001,2024-77148-LQ-0,Hydraulics,BSCE-1,24/11/2023
20231124-001,2024-77148-LQ-0,Structural Analysis,BSCE-1,24/11/2023
20231008-001,2023-06121-LQ-0,Cost Accounting,BSA-2,08/10/2023
20230725-001,2023-32775-LQ-0,Philippine History,BEED-2,25/07/2023
20230725-001,2023-32775-LQ-0,Research Writing Techniques,BEED-2,25/07/2023
20230323-001,2024-47308-LQ-0,Philippine History,BSND-1,23/03/2023
20230323-001,2024-47308-LQ-0,Research Writing Techniques,BSND-1,23/03/2023
20230323-001,2024-47308-LQ-0,English Grammar and Composition,BSND-1,23/03/2023
20231108-001,2021-28191-LQ-0,Principles of Marketing,BSBA-4,08/11/2023
20231108-001,2021-28191-LQ-0,Business Ethics,BSBA-4,08/11/2023
20231017-001,2023-60753-LQ-0,English Grammar and Composition,DOMT-2,17/10/2023
20231017-001,2023-60753-LQ-0,Research Writing Techniques,DOMT-2,17/10/2023
20230730-001,2024-03810-LQ-0,Research Writing Techniques,BSOA-1,30/07/2023
20230730-001,2024-03810-LQ-0,English Grammar and Composition,BSOA-1,30/07/2023
20230417-001,2022-36561-LQ-0,Web Development,DICT-3,17/04/2023
20230622-002,2022-33833-LQ-0,English Grammar and Composition,BSAM-3,22/06/2023
20230312-002,2024-26224-LQ-0,Basic Electrical Engineering,DEET-1,12/03/2023
20230312-002,2024-26224-LQ-0,Industrial Electronics,DEET-1,12/03/2023
20231119-001,2021-36123-LQ-0,Power Systems,BSEE-4,19/11/2023
20231119-001,2021-36123-LQ-0,Digital Logic Design,BSEE-4,19/11/2023
20231119-001,2021-36123-LQ-0,Electric Circuits,BSEE-4,19/11/2023
20240209-001,2024-41364-LQ-0,Digital Logic Design,BSEE-1,09/02/2024
20240510-001,2021-42715-LQ-0,Taxation Law,BSA-4,10/05/2024
20230918-001,2023-06157-LQ-0,Computer Networks,BSIT-2,18/09/2023
20230918-001,2023-06157-LQ-0,Introduction to Programming,BSIT-2,18/09/2023
20230918-001,2023-06157-LQ-0,Artificial Intelligence,BSIT-2,18/09/2023
20230708-001,2023-63042-LQ-0,Taxation Law,BSA-2,08/07/2023
20230708-001,2023-63042-LQ-0,Advanced Financial Accounting,BSA-2,08/07/2023
20230805-001,2023-03667-LQ-0,Operations Management,BSBA-2,05/08/2023
20240612-002,2021-76353-LQ-0,Research Writing Techniques,BEED-4,12/06/2024
20230623-001,2023-39390-LQ-0,Data Structures in C,BSIT-2,23/06/2023
20230611-001,2023-47233-LQ-0,Research Writing Techniques,BSBIO-2,11/06/2023
20231214-001,2024-12291-LQ-0,Cost Accounting,BSA-1,14/12/2023
20230524-001,2024-89157-LQ-0,Computer Hardware,DCpET-1,24/05/2023
20230524-001,2024-89157-LQ-0,Basic Programming,DCpET-1,24/05/2023
20230924-001,2022-30878-LQ-0,Philippine History,DOMT-3,24/09/2023
20230924-001,2022-30878-LQ-0,English Grammar and Composition,DOMT-3,24/09/2023
20230924-001,2022-30878-LQ-0,Research Writing Techniques,DOMT-3,24/09/2023
20231209-001,2024-33814-LQ-0,Architectural Design,BSARCHI-1,09/12/2023
20231209-001,2024-33814-LQ-0,Building Utilities,BSARCHI-1,09/12/2023
20230701-001,2022-13220-LQ-0,Philippine History,BSMM-3,01/07/2023
20230701-001,2022-13220-LQ-0,English Grammar and Composition,BSMM-3,01/07/2023
20230701-001,2022-13220-LQ-0,Research Writing Techniques,BSMM-3,01/07/2023
20230608-001,2023-70438-LQ-0,Data Structures in C,BSIT-2,08/06/2023
20230608-001,2023-70438-LQ-0,Computer Networks,BSIT-2,08/06/2023
20230608-001,2023-70438-LQ-0,Introduction to Programming,BSIT-2,08/06/2023
20230911-001,2021-45288-LQ-0,English Grammar and Composition,BEED-4,11/09/2023
20230911-001,2021-45288-LQ-0,Philippine History,BEED-4,11/09/2023
20230911-001,2021-45288-LQ-0,Research Writing Techniques,BEED-4,11/09/2023
20231024-001,2023-94106-LQ-0,Taxation Law,BSA-2,24/10/2023
20231024-001,2023-94106-LQ-0,Advanced Financial Accounting,BSA-2,24/10/2023
20231023-001,2021-51304-LQ-0,Digital Logic Design,BSEE-4,23/10/2023
20231023-001,2021-51304-LQ-0,Power Systems,BSEE-4,23/10/2023
20231023-001,2021-51304-LQ-0,Electric Circuits,BSEE-4,23/10/2023
20230915-001,2022-68992-LQ-0,English Grammar and Composition,BSAM-3,15/09/2023
20230915-001,2022-68992-LQ-0,Philippine History,BSAM-3,15/09/2023
20240312-001,2022-74962-LQ-0,Electric Circuits,BSEE-3,12/03/2024
20240312-001,2022-74962-LQ-0,Digital Logic Design,BSEE-3,12/03/2024
20240609-001,2023-39116-LQ-0,Philippine History,DOMT-2,09/06/2024
20240609-001,2023-39116-LQ-0,Research Writing Techniques,DOMT-2,09/06/2024
20240206-001,2024-22452-LQ-0,Taxation Law,BSA-1,06/02/2024
20240206-001,2024-22452-LQ-0,Auditing Theory,BSA-1,06/02/2024
20230116-001,2022-82185-LQ-0,Philippine History,DOMT-3,16/01/2023
20230519-002,2023-84240-LQ-0,Computer Hardware,DCpET-2,19/05/2023
20230519-002,2023-84240-LQ-0,Basic Programming,DCpET-2,19/05/2023
20230123-001,2023-93603-LQ-0,Basic Electrical Engineering,DEET-2,23/01/2023
20240410-002,2023-65163-LQ-0,Basic Electrical Engineering,DEET-2,10/04/2024
20240410-002,2023-65163-LQ-0,Industrial Electronics,DEET-2,10/04/2024
20230418-001,2021-67950-LQ-0,Auditing Theory,BSA-4,18/04/2023
20230112-001,2022-93789-LQ-0,Vehicle Maintenance,DCvET-3,12/01/2023
20230112-001,2022-93789-LQ-0,Automotive Servicing,DCvET-3,12/01/2023
20231102-001,2023-27725-LQ-0,Structural Analysis,BSCE-2,02/11/2023
20231102-001,2023-27725-LQ-0,Hydraulics,BSCE-2,02/11/2023
20230209-001,2024-55165-LQ-0,Building Utilities,BSARCHI-1,09/02/2023
20230725-002,2023-71622-LQ-0,Industrial Electronics,DEET-2,25/07/2023
20230725-002,2023-71622-LQ-0,Basic Electrical Engineering,DEET-2,25/07/2023
20230418-002,2023-62361-LQ-0,Philippine History,BSOA-2,18/04/2023
20230418-002,2023-62361-LQ-0,Research Writing Techniques,BSOA-2,18/04/2023
20230418-002,2023-62361-LQ-0,English Grammar and Composition,BSOA-2,18/04/2023
20230611-002,2024-81778-LQ-0,Principles of Marketing,BSBA-1,11/06/2023
20230611-002,2024-81778-LQ-0,Operations Management,BSBA-1,11/06/2023
20230726-001,2021-32613-LQ-0,Philippine History,BSBIO-4,26/07/2023
20230726-001,2021-32613-LQ-0,English Grammar and Composition,BSBIO-4,26/07/2023
20230726-001,2021-32613-LQ-0,Research Writing Techniques,BSBIO-4,26/07/2023
20230121-001,2022-34366-LQ-0,Research Writing Techniques,BSND-3,21/01/2023
20230121-001,2022-34366-LQ-0,Philippine History,BSND-3,21/01/2023
20240328-002,2022-50277-LQ-0,Auditing Theory,BSA-3,28/03/2024
20240328-002,2022-50277-LQ-0,Taxation Law,BSA-3,28/03/2024
20231215-001,2022-40935-LQ-0,Food and Beverage Services,BSHM-3,15/12/2023
20240412-001,2024-52068-LQ-0,Assessment of Learning,BSED-1,12/04/2024
20230604-001,2023-40633-LQ-0,Principles of Marketing,BSBA-2,04/06/2023
20230604-001,2023-40633-LQ-0,Business Ethics,BSBA-2,04/06/2023
20230604-001,2023-40633-LQ-0,Operations Management,BSBA-2,04/06/2023
20231021-001,2024-82607-LQ-0,Computer Hardware,DCpET-1,21/10/2023
20231021-001,2024-82607-LQ-0,Basic Programming,DCpET-1,21/10/2023
20231118-001,2022-20094-LQ-0,Research Writing Techniques,BSND-3,18/11/2023
20231118-001,2022-20094-LQ-0,Philippine History,BSND-3,18/11/2023
20230719-001,2023-99793-LQ-0,English Grammar and Composition,BSMM-2,19/07/2023
20230719-001,2023-99793-LQ-0,Research Writing Techniques,BSMM-2,19/07/2023
20240614-001,2023-27583-LQ-0,Food and Beverage Services,BSHM-2,14/06/2024
20240614-001,2023-27583-LQ-0,Housekeeping Management,BSHM-2,14/06/2024
20240203-001,2022-37180-LQ-0,Cost Accounting,BSA-3,03/02/2024
20240203-001,2022-37180-LQ-0,Auditing Theory,BSA-3,03/02/2024
20230324-001,2024-46449-LQ-0,Philippine History,BSAM-1,24/03/2023
20230324-001,2024-46449-LQ-0,Research Writing Techniques,BSAM-1,24/03/2023
20230324-001,2024-46449-LQ-0,English Grammar and Composition,BSAM-1,24/03/2023
20231002-001,2021-43985-LQ-0,Advanced Financial Accounting,BSA-4,02/10/2023
20240622-001,2024-31291-LQ-0,IT Fundamentals,DICT-1,22/06/2024
20240622-001,2024-31291-LQ-0,Web Development,DICT-1,22/06/2024
20230127-001,2024-09407-LQ-0,Database System Concepts,BSIT-1,27/01/2023
20230127-001,2024-09407-LQ-0,Introduction to Programming,BSIT-1,27/01/2023
20230127-001,2024-09407-LQ-0,Computer Networks,BSIT-1,27/01/2023
20230525-001,2021-11331-LQ-0,Research Writing Techniques,BSND-4,25/05/2023
20230525-001,2021-11331-LQ-0,Philippine History,BSND-4,25/05/2023
20230525-001,2021-11331-LQ-0,English Grammar and Composition,BSND-4,25/05/2023
20240521-001,2023-11877-LQ-0,Business Ethics,BSBA-2,21/05/2024
20230328-001,2021-92535-LQ-0,Building Utilities,BSARCHI-4,28/03/2023
20230328-001,2021-92535-LQ-0,Architectural Design,BSARCHI-4,28/03/2023
20240124-001,2024-30194-LQ-0,Philippine History,BSND-1,24/01/2024
20240124-001,2024-30194-LQ-0,Research Writing Techniques,BSND-1,24/01/2024
20230202-001,2023-93178-LQ-0,Computer Hardware,DCpET-2,02/02/2023
20230202-001,2023-93178-LQ-0,Basic Programming,DCpET-2,02/02/2023
20230329-001,2024-45567-LQ-0,Curriculum Development,BSED-1,29/03/2023
20230329-001,2024-45567-LQ-0,Assessment of Learning,BSED-1,29/03/2023
20230823-001,2024-58163-LQ-0,Curriculum Development,BSED-1,23/08/2023
20230823-001,2024-58163-LQ-0,Assessment of Learning,BSED-1,23/08/2023
20240119-001,2023-54642-LQ-0,Electric Circuits,BSEE-2,19/01/2024
20240411-001,2023-37667-LQ-0,Research Writing Techniques,BPA-2,11/04/2024
20240113-001,2022-91024-LQ-0,Food and Beverage Services,BSHM-3,13/01/2024
20240113-001,2022-91024-LQ-0,Housekeeping Management,BSHM-3,13/01/2024
20230423-001,2023-92832-LQ-0,Philippine History,BSOA-2,23/04/2023
20230423-001,2023-92832-LQ-0,Research Writing Techniques,BSOA-2,23/04/2023
20230510-001,2021-35420-LQ-0,Philippine History,BSOA-4,10/05/2023
20230510-001,2021-35420-LQ-0,Research Writing Techniques,BSOA-4,10/05/2023
20230510-001,2021-35420-LQ-0,English Grammar and Composition,BSOA-4,10/05/2023
20230617-001,2022-05918-LQ-0,Advanced Financial Accounting,BSA-3,17/06/2023
20230617-001,2022-05918-LQ-0,Cost Accounting,BSA-3,17/06/2023
20230617-001,2022-05918-LQ-0,Auditing Theory,BSA-3,17/06/2023
20240423-001,2024-69838-LQ-0,Housekeeping Management,BSHM-1,23/04/2024
20240423-001,2024-69838-LQ-0,Food and Beverage Services,BSHM-1,23/04/2024
20230914-001,2022-22011-LQ-0,Electric Circuits,BSEE-3,14/09/2023
20230914-001,2022-22011-LQ-0,Digital Logic Design,BSEE-3,14/09/2023
20240128-001,2022-19718-LQ-0,Basic Programming,DCpET-3,28/01/2024
20240422-001,2022-49296-LQ-0,English Grammar and Composition,BEED-3,22/04/2024
20240422-001,2022-49296-LQ-0,Research Writing Techniques,BEED-3,22/04/2024
20230413-001,2021-54752-LQ-0,Building Utilities,BSARCHI-4,13/04/2023
20230413-001,2021-54752-LQ-0,Architectural Design,BSARCHI-4,13/04/2023
20240421-001,2022-14904-LQ-0,English Grammar and Composition,BPA-3,21/04/2024
20240421-001,2022-14904-LQ-0,Research Writing Techniques,BPA-3,21/04/2024
20240421-001,2022-14904-LQ-0,Philippine History,BPA-3,21/04/2024
20230204-002,2022-95424-LQ-0,Power Systems,BSEE-3,04/02/2023
20230204-002,2022-95424-LQ-0,Electric Circuits,BSEE-3,04/02/2023
20230204-002,2022-95424-LQ-0,Digital Logic Design,BSEE-3,04/02/2023
20231101-001,2023-27635-LQ-0,Housekeeping Management,BSHM-2,01/11/2023
20231101-001,2023-27635-LQ-0,Food and Beverage Services,BSHM-2,01/11/2023
20240422-002,2022-69766-LQ-0,Electric Circuits,BSEE-3,22/04/2024
20240422-002,2022-69766-LQ-0,Power Systems,BSEE-3,22/04/2024
20240422-002,2022-69766-LQ-0,Digital Logic Design,BSEE-3,22/04/2024
20230701-002,2024-36856-LQ-0,Research Writing Techniques,BPA-1,01/07/2023
20230701-002,2024-36856-LQ-0,English Grammar and Composition,BPA-1,01/07/2023
20230130-001,2022-47455-LQ-0,Industrial Electronics,DEET-3,30/01/2023
20230315-001,2021-96126-LQ-0,Digital Logic Design,BSEE-4,15/03/2023
20230315-001,2021-96126-LQ-0,Power Systems,BSEE-4,15/03/2023
20230315-001,2021-96126-LQ-0,Electric Circuits,BSEE-4,15/03/2023
20230607-001,2021-08019-LQ-0,Research Writing Techniques,BSOA-4,07/06/2023
20230607-001,2021-08019-LQ-0,English Grammar and Composition,BSOA-4,07/06/2023
20230214-001,2023-70575-LQ-0,Electric Circuits,BSEE-2,14/02/2023
20230214-001,2023-70575-LQ-0,Digital Logic Design,BSEE-2,14/02/2023
20240206-002,2024-83498-LQ-0,Research Writing Techniques,BSND-1,06/02/2024
20230613-001,2021-09982-LQ-0,Auditing Theory,BSA-4,13/06/2023
20230613-001,2021-09982-LQ-0,Cost Accounting,BSA-4,13/06/2023
20240119-002,2023-16493-LQ-0,English Grammar and Composition,BEED-2,19/01/2024
20230312-003,2021-84452-LQ-0,Food and Beverage Services,BSHM-4,12/03/2023
20230312-003,2021-84452-LQ-0,Housekeeping Management,BSHM-4,12/03/2023
20230322-001,2022-94761-LQ-0,Operations Management,BSBA-3,22/03/2023
20240122-001,2022-34251-LQ-0,Assessment of Learning,BSED-3,22/01/2024
20240122-001,2022-34251-LQ-0,Curriculum Development,BSED-3,22/01/2024
20230704-001,2023-59816-LQ-0,Philippine History,DOMT-2,04/07/2023
20230704-001,2023-59816-LQ-0,Research Writing Techniques,DOMT-2,04/07/2023
20230704-001,2023-59816-LQ-0,English Grammar and Composition,DOMT-2,04/07/2023
20230201-001,2022-15555-LQ-0,Structural Analysis,BSCE-3,01/02/2023
20231228-001,2024-73543-LQ-0,Research Writing Techniques,DOMT-1,28/12/2023
20240113-002,2024-54418-LQ-0,English Grammar and Composition,DOMT-1,13/01/2024
20240114-001,2023-84504-LQ-0,Vehicle Maintenance,DCvET-2,14/01/2024
20230415-001,2024-78351-LQ-0,Research Writing Techniques,BSOA-1,15/04/2023
20230728-001,2023-76651-LQ-0,English Grammar and Composition,BSBIO-2,28/07/2023
20230728-001,2023-76651-LQ-0,Research Writing Techniques,BSBIO-2,28/07/2023
20230728-001,2023-76651-LQ-0,Philippine History,BSBIO-2,28/07/2023
20231023-002,2023-25720-LQ-0,Computer Networks,BSIT-2,23/10/2023
20231023-002,2023-25720-LQ-0,Introduction to Programming,BSIT-2,23/10/2023
20231023-002,2023-25720-LQ-0,Artificial Intelligence,BSIT-2,23/10/2023
20240328-003,2022-50380-LQ-0,Architectural Design,BSARCHI-3,28/03/2024
20230209-002,2024-14205-LQ-0,Automotive Servicing,DCvET-1,09/02/2023
20230726-002,2022-74628-LQ-0,Philippine History,DOMT-3,26/07/2023
20230726-002,2022-74628-LQ-0,English Grammar and Composition,DOMT-3,26/07/2023
20230621-001,2024-24094-LQ-0,Research Writing Techniques,BEED-1,21/06/2023
20230621-001,2024-24094-LQ-0,Philippine History,BEED-1,21/06/2023
20230621-001,2024-24094-LQ-0,English Grammar and Composition,BEED-1,21/06/2023
20230118-001,2023-86372-LQ-0,Database System Concepts,BSIT-2,18/01/2023
20231128-001,2023-42101-LQ-0,Database System Concepts,BSIT-2,28/11/2023
20230603-001,2022-65717-LQ-0,Research Writing Techniques,BSBIO-3,03/06/2023
20240622-002,2021-10251-LQ-0,Research Writing Techniques,BSND-4,22/06/2024
20240622-002,2021-10251-LQ-0,Philippine History,BSND-4,22/06/2024
20230409-001,2021-37707-LQ-0,Housekeeping Management,BSHM-4,09/04/2023
20230409-001,2021-37707-LQ-0,Food and Beverage Services,BSHM-4,09/04/2023
20240405-002,2023-57145-LQ-0,Research Writing Techniques,BSOA-2,05/04/2024
20240302-001,2023-36500-LQ-0,Research Writing Techniques,BSND-2,02/03/2024
20240302-001,2023-36500-LQ-0,English Grammar and Composition,BSND-2,02/03/2024
20240219-001,2024-01852-LQ-0,Advanced Financial Accounting,BSA-1,19/02/2024
20230810-001,2022-71496-LQ-0,Hydraulics,BSCE-3,10/08/2023
20230810-001,2022-71496-LQ-0,Structural Analysis,BSCE-3,10/08/2023
20230810-001,2022-71496-LQ-0,Geotechnical Engineering,BSCE-3,10/08/2023
20230418-003,2021-93937-LQ-0,English Grammar and Composition,BSAM-4,18/04/2023
20230418-003,2021-93937-LQ-0,Philippine History,BSAM-4,18/04/2023
20230401-001,2024-16173-LQ-0,Food and Beverage Services,BSHM-1,01/04/2023
20230410-001,2024-75025-LQ-0,Basic Programming,DCpET-1,10/04/2023
20230410-001,2024-75025-LQ-0,Computer Hardware,DCpET-1,10/04/2023
20231027-001,2022-14174-LQ-0,Architectural Design,BSARCHI-3,27/10/2023
20240314-001,2023-47851-LQ-0,Philippine History,BPA-2,14/03/2024
20240314-001,2023-47851-LQ-0,English Grammar and Composition,BPA-2,14/03/2024
20230905-001,2021-51093-LQ-0,Architectural Design,BSARCHI-4,05/09/2023
20240207-001,2021-61306-LQ-0,English Grammar and Composition,BSND-4,07/02/2024
20230630-001,2024-72242-LQ-0,Building Utilities,BSARCHI-1,30/06/2023
20230716-002,2023-18356-LQ-0,Structural Analysis,BSCE-2,16/07/2023
20230716-002,2023-18356-LQ-0,Hydraulics,BSCE-2,16/07/2023
20230716-002,2023-18356-LQ-0,Geotechnical Engineering,BSCE-2,16/07/2023
20240422-003,2022-62632-LQ-0,Building Utilities,BSARCHI-3,22/04/2024
20240309-001,2022-94913-LQ-0,Basic Electrical Engineering,DEET-3,09/03/2024
20240309-001,2022-94913-LQ-0,Industrial Electronics,DEET-3,09/03/2024
20230213-002,2024-16135-LQ-0,Philippine History,BSBIO-1,13/02/2023
20240201-001,2024-28120-LQ-0,Database System Concepts,BSIT-1,01/02/2024
20240201-001,2024-28120-LQ-0,Computer Networks,BSIT-1,01/02/2024
20240201-001,2024-28120-LQ-0,Data Structures in C,BSIT-1,01/02/2024
20240611-001,2021-87884-LQ-0,English Grammar and Composition,BEED-4,11/06/2024
20240606-001,2021-71181-LQ-0,Power Systems,BSEE-4,06/06/2024
20240126-001,2021-39627-LQ-0,Structural Analysis,BSCE-4,26/01/2024
20240126-001,2021-39627-LQ-0,Geotechnical Engineering,BSCE-4,26/01/2024
20231212-001,2023-14463-LQ-0,English Grammar and Composition,DOMT-2,12/12/2023
20231212-001,2023-14463-LQ-0,Philippine History,DOMT-2,12/12/2023
20231212-001,2023-14463-LQ-0,Research Writing Techniques,DOMT-2,12/12/2023
20230727-002,2023-52161-LQ-0,Philippine History,DOMT-2,27/07/2023
20230727-002,2023-52161-LQ-0,Research Writing Techniques,DOMT-2,27/07/2023
20230717-001,2021-18792-LQ-0,Hydraulics,BSCE-4,17/07/2023
20230717-001,2021-18792-LQ-0,Structural Analysis,BSCE-4,17/07/2023
20230717-001,2021-18792-LQ-0,Geotechnical Engineering,BSCE-4,17/07/2023
20230715-001,2024-98058-LQ-0,Power Systems,BSEE-1,15/07/2023
20230715-001,2024-98058-LQ-0,Electric Circuits,BSEE-1,15/07/2023
20240319-001,2022-93722-LQ-0,Web Development,DICT-3,19/03/2024
20240319-001,2022-93722-LQ-0,IT Fundamentals,DICT-3,19/03/2024
20240218-001,2023-35180-LQ-0,Research Writing Techniques,BSND-2,18/02/2024
20240218-001,2023-35180-LQ-0,English Grammar and Composition,BSND-2,18/02/2024
20240218-001,2023-35180-LQ-0,Philippine History,BSND-2,18/02/2024
20230221-001,2024-42392-LQ-0,English Grammar and Composition,BSBIO-1,21/02/2023
20230923-001,2024-35412-LQ-0,Electric Circuits,BSEE-1,23/09/2023
20230508-001,2023-19425-LQ-0,Philippine History,BSBIO-2,08/05/2023
20230916-001,2024-70062-LQ-0,Curriculum Development,BSED-1,16/09/2023
20230916-001,2024-70062-LQ-0,Assessment of Learning,BSED-1,16/09/2023
20240118-001,2022-71845-LQ-0,Business Ethics,BSBA-3,18/01/2024
20230620-001,2024-50731-LQ-0,Philippine History,BSBIO-1,20/06/2023
20230909-001,2023-89309-LQ-0,Food and Beverage Services,BSHM-2,09/09/2023
20240107-001,2024-25160-LQ-0,English Grammar and Composition,BEED-1,07/01/2024
20240107-001,2024-25160-LQ-0,Research Writing Techniques,BEED-1,07/01/2024
20240107-001,2024-25160-LQ-0,Philippine History,BEED-1,07/01/2024
20230408-001,2022-84764-LQ-0,Automotive Servicing,DCvET-3,08/04/2023
20230408-001,2022-84764-LQ-0,Vehicle Maintenance,DCvET-3,08/04/2023
20230905-002,2023-11571-LQ-0,Cost Accounting,BSA-2,05/09/2023
20230514-001,2023-52466-LQ-0,Philippine History,DOMT-2,14/05/2023
20230514-001,2023-52466-LQ-0,Research Writing Techniques,DOMT-2,14/05/2023
20230918-002,2023-70332-LQ-0,English Grammar and Composition,BSND-2,18/09/2023
20230918-002,2023-70332-LQ-0,Research Writing Techniques,BSND-2,18/09/2023
20230811-001,2021-14751-LQ-0,Research Writing Techniques,BPA-4,11/08/2023
20230811-001,2021-14751-LQ-0,Philippine History,BPA-4,11/08/2023
20230811-001,2021-14751-LQ-0,English Grammar and Composition,BPA-4,11/08/2023
20231020-001,2024-01123-LQ-0,Architectural Design,BSARCHI-1,20/10/2023
20240414-001,2024-99778-LQ-0,Assessment of Learning,BSED-1,14/04/2024
20240414-001,2024-99778-LQ-0,Curriculum Development,BSED-1,14/04/2024
20230812-001,2024-72610-LQ-0,Digital Logic Design,BSEE-1,12/08/2023
20230812-001,2024-72610-LQ-0,Power Systems,BSEE-1,12/08/2023
20230224-001,2023-17507-LQ-0,English Grammar and Composition,BEED-2,24/02/2023
20230224-001,2023-17507-LQ-0,Research Writing Techniques,BEED-2,24/02/2023
20230224-001,2023-17507-LQ-0,Philippine History,BEED-2,24/02/2023
20231201-001,2021-72388-LQ-0,English Grammar and Composition,BSAM-4,01/12/2023
20231201-001,2021-72388-LQ-0,Philippine History,BSAM-4,01/12/2023
20231230-001,2021-73344-LQ-0,Philippine History,BSMM-4,30/12/2023
20231230-001,2021-73344-LQ-0,English Grammar and Composition,BSMM-4,30/12/2023
20231230-001,2021-73344-LQ-0,Research Writing Techniques,BSMM-4,30/12/2023
20230429-001,2023-63178-LQ-0,English Grammar and Composition,BSAM-2,29/04/2023
20230429-001,2023-63178-LQ-0,Philippine History,BSAM-2,29/04/2023
20230429-001,2023-63178-LQ-0,Research Writing Techniques,BSAM-2,29/04/2023
20230301-001,2024-52691-LQ-0,Research Writing Techniques,BSOA-1,01/03/2023
20230301-001,2024-52691-LQ-0,English Grammar and Composition,BSOA-1,01/03/2023
20230301-001,2024-52691-LQ-0,Philippine History,BSOA-1,01/03/2023
20230311-001,2021-50776-LQ-0,Research Writing Techniques,BSOA-4,11/03/2023
20230311-001,2021-50776-LQ-0,English Grammar and Composition,BSOA-4,11/03/2023
20231231-001,2022-33926-LQ-0,Research Writing Techniques,BSAM-3,31/12/2023
20230111-001,2022-65584-LQ-0,Web Development,DICT-3,11/01/2023
20240319-002,2024-65629-LQ-0,English Grammar and Composition,BEED-1,19/03/2024
20240319-002,2024-65629-LQ-0,Philippine History,BEED-1,19/03/2024
20240319-002,2024-65629-LQ-0,Research Writing Techniques,BEED-1,19/03/2024
20240415-001,2023-46441-LQ-0,English Grammar and Composition,BPA-2,15/04/2024
20240415-001,2023-46441-LQ-0,Research Writing Techniques,BPA-2,15/04/2024
20231128-002,2023-57567-LQ-0,Philippine History,BEED-2,28/11/2023
20231128-002,2023-57567-LQ-0,English Grammar and Composition,BEED-2,28/11/2023
20230213-003,2023-71145-LQ-0,Research Writing Techniques,BPA-2,13/02/2023
20230213-003,2023-71145-LQ-0,Philippine History,BPA-2,13/02/2023
20230213-003,2023-71145-LQ-0,English Grammar and Composition,BPA-2,13/02/2023
20240204-001,2024-52414-LQ-0,Assessment of Learning,BSED-1,04/02/2024
20240204-001,2024-52414-LQ-0,Curriculum Development,BSED-1,04/02/2024
20231228-002,2023-57121-LQ-0,Vehicle Maintenance,DCvET-2,28/12/2023
20231228-002,2023-57121-LQ-0,Automotive Servicing,DCvET-2,28/12/2023
20231003-001,2021-96617-LQ-0,Digital Logic Design,BSEE-4,03/10/2023
20231003-001,2021-96617-LQ-0,Electric Circuits,BSEE-4,03/10/2023
20231003-001,2021-96617-LQ-0,Power Systems,BSEE-4,03/10/2023
20240121-001,2022-82387-LQ-0,English Grammar and Composition,DOMT-3,21/01/2024
20240121-001,2022-82387-LQ-0,Research Writing Techniques,DOMT-3,21/01/2024
20240121-001,2022-82387-LQ-0,Philippine History,DOMT-3,21/01/2024
20230831-001,2024-36937-LQ-0,Vehicle Maintenance,DCvET-1,31/08/2023
20230831-001,2024-36937-LQ-0,Automotive Servicing,DCvET-1,31/08/2023
20240529-001,2024-58940-LQ-0,English Grammar and Composition,BPA-1,29/05/2024
20240109-001,2024-27589-LQ-0,Advanced Financial Accounting,BSA-1,09/01/2024
20240601-001,2024-46905-LQ-0,Building Utilities,BSARCHI-1,01/06/2024
20231120-001,2023-37569-LQ-0,Vehicle Maintenance,DCvET-2,20/11/2023
20231120-001,2023-37569-LQ-0,Automotive Servicing,DCvET-2,20/11/2023
20231003-002,2022-22747-LQ-0,Cost Accounting,BSA-3,03/10/2023
20230330-001,2021-35985-LQ-0,Architectural Design,BSARCHI-4,30/03/2023
20230330-001,2021-35985-LQ-0,Building Utilities,BSARCHI-4,30/03/2023
20230614-001,2023-39720-LQ-0,Research Writing Techniques,DOMT-2,14/06/2023
20230614-001,2023-39720-LQ-0,English Grammar and Composition,DOMT-2,14/06/2023
20230116-002,2024-52290-LQ-0,Philippine History,BEED-1,16/01/2023
20230116-002,2024-52290-LQ-0,English Grammar and Composition,BEED-1,16/01/2023
20230116-002,2024-52290-LQ-0,Research Writing Techniques,BEED-1,16/01/2023
20230729-001,2024-85652-LQ-0,Housekeeping Management,BSHM-1,29/07/2023
20240325-001,2024-41183-LQ-0,Structural Analysis,BSCE-1,25/03/2024
20240325-001,2024-41183-LQ-0,Hydraulics,BSCE-1,25/03/2024
20230711-001,2021-76744-LQ-0,Advanced Financial Accounting,BSA-4,11/07/2023
20230711-001,2021-76744-LQ-0,Auditing Theory,BSA-4,11/07/2023
20230711-001,2021-76744-LQ-0,Taxation Law,BSA-4,11/07/2023
20230818-001,2024-13763-LQ-0,Philippine History,BEED-1,18/08/2023
20230515-001,2024-59379-LQ-0,Advanced Financial Accounting,BSA-1,15/05/2023
20230515-001,2024-59379-LQ-0,Cost Accounting,BSA-1,15/05/2023
20230515-001,2024-59379-LQ-0,Taxation Law,BSA-1,15/05/2023
20240320-001,2024-73608-LQ-0,Web Development,DICT-1,20/03/2024
20240320-001,2024-73608-LQ-0,IT Fundamentals,DICT-1,20/03/2024
20230408-002,2021-07101-LQ-0,Electric Circuits,BSEE-4,08/04/2023
20230408-002,2021-07101-LQ-0,Power Systems,BSEE-4,08/04/2023
20230408-002,2021-07101-LQ-0,Digital Logic Design,BSEE-4,08/04/2023
20231027-002,2022-57958-LQ-0,Philippine History,BSBIO-3,27/10/2023
20231027-002,2022-57958-LQ-0,Research Writing Techniques,BSBIO-3,27/10/2023
20231027-002,2022-57958-LQ-0,English Grammar and Composition,BSBIO-3,27/10/2023
20240323-001,2021-28765-LQ-0,Architectural Design,BSARCHI-4,23/03/2024
20240323-001,2021-28765-LQ-0,Building Utilities,BSARCHI-4,23/03/2024
20230413-002,2023-18592-LQ-0,Philippine History,BSMM-2,13/04/2023
20230413-002,2023-18592-LQ-0,English Grammar and Composition,BSMM-2,13/04/2023
20230516-001,2021-36541-LQ-0,English Grammar and Composition,BSMM-4,16/05/2023
20230516-001,2021-36541-LQ-0,Philippine History,BSMM-4,16/05/2023
20230601-001,2022-54604-LQ-0,Research Writing Techniques,BSND-3,01/06/2023
20230601-001,2022-54604-LQ-0,Philippine History,BSND-3,01/06/2023
20230726-003,2022-64971-LQ-0,English Grammar and Composition,BSBIO-3,26/07/2023
20230726-003,2022-64971-LQ-0,Philippine History,BSBIO-3,26/07/2023
20230114-002,2021-73028-LQ-0,English Grammar and Composition,BSOA-4,14/01/2023
20230114-002,2021-73028-LQ-0,Philippine History,BSOA-4,14/01/2023
20230114-002,2021-73028-LQ-0,Research Writing Techniques,BSOA-4,14/01/2023
20240318-001,2023-77360-LQ-0,English Grammar and Composition,BSAM-2,18/03/2024
20240318-001,2023-77360-LQ-0,Philippine History,BSAM-2,18/03/2024
20230331-002,2023-15202-LQ-0,English Grammar and Composition,DOMT-2,31/03/2023
20230331-002,2023-15202-LQ-0,Research Writing Techniques,DOMT-2,31/03/2023
20230914-002,2022-87421-LQ-0,Basic Programming,DCpET-3,14/09/2023
20230413-003,2022-71433-LQ-0,Philippine History,BSMM-3,13/04/2023
20230413-003,2022-71433-LQ-0,English Grammar and Composition,BSMM-3,13/04/2023
20230413-003,2022-71433-LQ-0,Research Writing Techniques,BSMM-3,13/04/2023
20230907-001,2023-04805-LQ-0,Research Writing Techniques,DOMT-2,07/09/2023
20230907-001,2023-04805-LQ-0,English Grammar and Composition,DOMT-2,07/09/2023
20230907-001,2023-04805-LQ-0,Philippine History,DOMT-2,07/09/2023
20230427-001,2024-00110-LQ-0,Principles of Marketing,BSBA-1,27/04/2023
20231205-001,2023-62124-LQ-0,Philippine History,BSND-2,05/12/2023
20231205-001,2023-62124-LQ-0,English Grammar and Composition,BSND-2,05/12/2023
20231113-001,2023-13612-LQ-0,Research Writing Techniques,BPA-2,13/11/2023
20230508-002,2022-38222-LQ-0,Philippine History,BSOA-3,08/05/2023
20230508-002,2022-38222-LQ-0,Research Writing Techniques,BSOA-3,08/05/2023
20230606-001,2024-12036-LQ-0,Computer Networks,BSIT-1,06/06/2023
20230606-001,2024-12036-LQ-0,Artificial Intelligence,BSIT-1,06/06/2023
20230719-002,2024-91167-LQ-0,Food and Beverage Services,BSHM-1,19/07/2023
20230719-002,2024-91167-LQ-0,Housekeeping Management,BSHM-1,19/07/2023
20240522-001,2021-50077-LQ-0,English Grammar and Composition,BEED-4,22/05/2024
20240522-001,2021-50077-LQ-0,Research Writing Techniques,BEED-4,22/05/2024
20231207-001,2022-31310-LQ-0,Curriculum Development,BSED-3,07/12/2023
20231207-001,2022-31310-LQ-0,Assessment of Learning,BSED-3,07/12/2023
20231230-002,2023-24556-LQ-0,Introduction to Programming,BSIT-2,30/12/2023
20231230-002,2023-24556-LQ-0,Computer Networks,BSIT-2,30/12/2023
20231230-002,2023-24556-LQ-0,Database System Concepts,BSIT-2,30/12/2023
20230306-001,2024-05850-LQ-0,Geotechnical Engineering,BSCE-1,06/03/2023
20240322-001,2022-70984-LQ-0,Structural Analysis,BSCE-3,22/03/2024
20240322-001,2022-70984-LQ-0,Geotechnical Engineering,BSCE-3,22/03/2024
20230818-002,2021-91089-LQ-0,Research Writing Techniques,BSMM-4,18/08/2023
20230201-002,2023-12780-LQ-0,Research Writing Techniques,BSOA-2,01/02/2023
20230201-002,2023-12780-LQ-0,Philippine History,BSOA-2,01/02/2023
20230125-001,2023-74024-LQ-0,English Grammar and Composition,BEED-2,25/01/2023
20230711-002,2024-95314-LQ-0,Data Structures in C,BSIT-1,11/07/2023
20230711-002,2024-95314-LQ-0,Computer Networks,BSIT-1,11/07/2023
20230907-002,2021-32662-LQ-0,English Grammar and Composition,BEED-4,07/09/2023
20230328-002,2021-00844-LQ-0,English Grammar and Composition,BPA-4,28/03/2023
20230328-002,2021-00844-LQ-0,Philippine History,BPA-4,28/03/2023
20230328-002,2021-00844-LQ-0,Research Writing Techniques,BPA-4,28/03/2023
20230329-002,2023-20229-LQ-0,Vehicle Maintenance,DCvET-2,29/03/2023
20240517-001,2024-27663-LQ-0,Food and Beverage Services,BSHM-1,17/05/2024
20230227-001,2022-00665-LQ-0,Food and Beverage Services,BSHM-3,27/02/2023
20230227-001,2022-00665-LQ-0,Housekeeping Management,BSHM-3,27/02/2023
20240430-002,2023-08417-LQ-0,English Grammar and Composition,BEED-2,30/04/2024
20240430-002,2023-08417-LQ-0,Philippine History,BEED-2,30/04/2024
20231008-002,2024-76733-LQ-0,Philippine History,DOMT-1,08/10/2023
20231008-002,2024-76733-LQ-0,English Grammar and Composition,DOMT-1,08/10/2023
20231008-002,2024-76733-LQ-0,Research Writing Techniques,DOMT-1,08/10/2023
20230421-001,2024-89714-LQ-0,Philippine History,BSBIO-1,21/04/2023
20230421-001,2024-89714-LQ-0,English Grammar and Composition,BSBIO-1,21/04/2023
20230421-001,2024-89714-LQ-0,Research Writing Techniques,BSBIO-1,21/04/2023
20230618-001,2022-20585-LQ-0,Research Writing Techniques,BSBIO-3,18/06/2023
20230618-001,2022-20585-LQ-0,Philippine History,BSBIO-3,18/06/2023
20230618-001,2022-20585-LQ-0,English Grammar and Composition,BSBIO-3,18/06/2023
20231115-001,2022-00909-LQ-0,Hydraulics,BSCE-3,15/11/2023
20231115-001,2022-00909-LQ-0,Geotechnical Engineering,BSCE-3,15/11/2023
20231115-001,2022-00909-LQ-0,Structural Analysis,BSCE-3,15/11/2023
20240529-002,2022-51062-LQ-0,Computer Hardware,DCpET-3,29/05/2024
20230323-002,2022-39305-LQ-0,Building Utilities,BSARCHI-3,23/03/2023
20230323-002,2022-39305-LQ-0,Architectural Design,BSARCHI-3,23/03/2023
20230206-001,2024-47376-LQ-0,Philippine History,DOMT-1,06/02/2023
20230206-001,2024-47376-LQ-0,English Grammar and Composition,DOMT-1,06/02/2023
20230701-003,2024-29437-LQ-0,Research Writing Techniques,BSOA-1,01/07/2023
20230831-002,2022-31295-LQ-0,Basic Programming,DCpET-3,31/08/2023
20231228-003,2022-00052-LQ-0,Hydraulics,BSCE-3,28/12/2023
20231228-003,2022-00052-LQ-0,Structural Analysis,BSCE-3,28/12/2023
20231228-003,2022-00052-LQ-0,Geotechnical Engineering,BSCE-3,28/12/2023
20230727-003,2024-72899-LQ-0,Philippine History,BSBIO-1,27/07/2023
20230727-003,2024-72899-LQ-0,Research Writing Techniques,BSBIO-1,27/07/2023
20230727-003,2024-72899-LQ-0,English Grammar and Composition,BSBIO-1,27/07/2023
20240502-001,2023-88958-LQ-0,Research Writing Techniques,BSMM-2,02/05/2024
20240527-001,2023-81530-LQ-0,Automotive Servicing,DCvET-2,27/05/2024
20240405-003,2021-63436-LQ-0,Architectural Design,BSARCHI-4,05/04/2024
20240409-001,2022-36193-LQ-0,Digital Logic Design,BSEE-3,09/04/2024
20240409-001,2022-36193-LQ-0,Electric Circuits,BSEE-3,09/04/2024
20230417-002,2021-41601-LQ-0,Operations Management,BSBA-4,17/04/2023
20230417-002,2021-41601-LQ-0,Principles of Marketing,BSBA-4,17/04/2023
20230417-002,2021-41601-LQ-0,Business Ethics,BSBA-4,17/04/2023
20230826-001,2024-55874-LQ-0,Philippine History,DOMT-1,26/08/2023
20231031-001,2024-26871-LQ-0,Vehicle Maintenance,DCvET-1,31/10/2023
20240129-001,2022-22740-LQ-0,Web Development,DICT-3,29/01/2024
20240129-001,2022-22740-LQ-0,IT Fundamentals,DICT-3,29/01/2024
20230310-001,2024-79288-LQ-0,Cost Accounting,BSA-1,10/03/2023
20230717-002,2022-56996-LQ-0,Web Development,DICT-3,17/07/2023
20230717-002,2022-56996-LQ-0,IT Fundamentals,DICT-3,17/07/2023
20231208-001,2023-20557-LQ-0,Architectural Design,BSARCHI-2,08/12/2023
20231208-001,2023-20557-LQ-0,Building Utilities,BSARCHI-2,08/12/2023
20230518-001,2022-01968-LQ-0,English Grammar and Composition,BSBIO-3,18/05/2023
20240610-001,2024-59454-LQ-0,English Grammar and Composition,BSAM-1,10/06/2024
20230328-003,2024-18395-LQ-0,Research Writing Techniques,DOMT-1,28/03/2023
20230328-003,2024-18395-LQ-0,English Grammar and Composition,DOMT-1,28/03/2023
20230308-001,2023-90180-LQ-0,Business Ethics,BSBA-2,08/03/2023
20230308-001,2023-90180-LQ-0,Operations Management,BSBA-2,08/03/2023
20230308-001,2023-90180-LQ-0,Principles of Marketing,BSBA-2,08/03/2023
20230204-003,2023-24168-LQ-0,Research Writing Techniques,BSND-2,04/02/2023
20230204-003,2023-24168-LQ-0,Philippine History,BSND-2,04/02/2023
20230715-002,2022-93268-LQ-0,English Grammar and Composition,DOMT-3,15/07/2023
20230715-002,2022-93268-LQ-0,Research Writing Techniques,DOMT-3,15/07/2023
20240509-001,2024-57708-LQ-0,Research Writing Techniques,BPA-1,09/05/2024
20230624-001,2023-77292-LQ-0,Curriculum Development,BSED-2,24/06/2023
20230509-001,2021-14262-LQ-0,English Grammar and Composition,BSND-4,09/05/2023
20230509-001,2021-14262-LQ-0,Research Writing Techniques,BSND-4,09/05/2023
20230310-002,2024-43695-LQ-0,Philippine History,DOMT-1,10/03/2023
20230310-002,2024-43695-LQ-0,Research Writing Techniques,DOMT-1,10/03/2023
20230423-002,2023-95128-LQ-0,Housekeeping Management,BSHM-2,23/04/2023
20230423-002,2023-95128-LQ-0,Food and Beverage Services,BSHM-2,23/04/2023
20230310-003,2021-76528-LQ-0,Building Utilities,BSARCHI-4,10/03/2023
20230310-003,2021-76528-LQ-0,Architectural Design,BSARCHI-4,10/03/2023
20240303-001,2023-38468-LQ-0,Basic Programming,DCpET-2,03/03/2024
20230312-004,2021-03644-LQ-0,Auditing Theory,BSA-4,12/03/2023
20230525-002,2023-40310-LQ-0,Automotive Servicing,DCvET-2,25/05/2023
20230525-002,2023-40310-LQ-0,Vehicle Maintenance,DCvET-2,25/05/2023
20240202-001,2021-90839-LQ-0,Taxation Law,BSA-4,02/02/2024
20240202-001,2021-90839-LQ-0,Auditing Theory,BSA-4,02/02/2024
20240327-001,2024-23693-LQ-0,Research Writing Techniques,BSND-1,27/03/2024
20231125-001,2024-51481-LQ-0,Vehicle Maintenance,DCvET-1,25/11/2023
20231125-001,2024-51481-LQ-0,Automotive Servicing,DCvET-1,25/11/2023
20230122-001,2021-39697-LQ-0,Research Writing Techniques,BSBIO-4,22/01/2023
20230122-001,2021-39697-LQ-0,Philippine History,BSBIO-4,22/01/2023
20230122-001,2021-39697-LQ-0,English Grammar and Composition,BSBIO-4,22/01/2023
20230312-005,2023-02741-LQ-0,English Grammar and Composition,BSBIO-2,12/03/2023
20230312-005,2023-02741-LQ-0,Research Writing Techniques,BSBIO-2,12/03/2023
20230910-001,2022-80858-LQ-0,English Grammar and Composition,BSMM-3,10/09/2023
20230719-003,2024-19561-LQ-0,Taxation Law,BSA-1,19/07/2023
20230719-003,2024-19561-LQ-0,Auditing Theory,BSA-1,19/07/2023
20231217-001,2024-53886-LQ-0,Basic Programming,DCpET-1,17/12/2023
20240406-001,2022-48791-LQ-0,Philippine History,BSOA-3,06/04/2024
20240406-001,2022-48791-LQ-0,English Grammar and Composition,BSOA-3,06/04/2024
20240406-001,2022-48791-LQ-0,Research Writing Techniques,BSOA-3,06/04/2024
20231025-001,2022-95920-LQ-0,Philippine History,BSND-3,25/10/2023
20231025-001,2022-95920-LQ-0,English Grammar and Composition,BSND-3,25/10/2023
20240523-002,2024-40280-LQ-0,IT Fundamentals,DICT-1,23/05/2024
20240523-002,2024-40280-LQ-0,Web Development,DICT-1,23/05/2024
20240213-001,2021-47688-LQ-0,Introduction to Programming,BSIT-4,13/02/2024
20240213-001,2021-47688-LQ-0,Database System Concepts,BSIT-4,13/02/2024
20240213-001,2021-47688-LQ-0,Computer Networks,BSIT-4,13/02/2024
20240411-002,2023-41794-LQ-0,English Grammar and Composition,BPA-2,11/04/2024
20231001-001,2024-74783-LQ-0,Automotive Servicing,DCvET-1,01/10/2023
20230720-001,2023-67024-LQ-0,English Grammar and Composition,BSND-2,20/07/2023
20230720-001,2023-67024-LQ-0,Research Writing Techniques,BSND-2,20/07/2023
20240620-001,2024-56691-LQ-0,Philippine History,BSBIO-1,20/06/2024
20240620-001,2024-56691-LQ-0,Research Writing Techniques,BSBIO-1,20/06/2024
20240620-001,2024-56691-LQ-0,English Grammar and Composition,BSBIO-1,20/06/2024
20240331-001,2021-80678-LQ-0,Structural Analysis,BSCE-4,31/03/2024
20240331-001,2021-80678-LQ-0,Geotechnical Engineering,BSCE-4,31/03/2024
20240331-001,2021-80678-LQ-0,Hydraulics,BSCE-4,31/03/2024
20230427-002,2024-46844-LQ-0,Research Writing Techniques,BSMM-1,27/04/2023
20240603-001,2023-60145-LQ-0,Power Systems,BSEE-2,03/06/2024
20240603-001,2023-60145-LQ-0,Electric Circuits,BSEE-2,03/06/2024
20240603-001,2023-60145-LQ-0,Digital Logic Design,BSEE-2,03/06/2024
20230121-002,2023-81486-LQ-0,Assessment of Learning,BSED-2,21/01/2023
20240515-001,2021-55050-LQ-0,Hydraulics,BSCE-4,15/05/2024
20240515-001,2021-55050-LQ-0,Structural Analysis,BSCE-4,15/05/2024
20230711-003,2022-57102-LQ-0,Vehicle Maintenance,DCvET-3,11/07/2023
20230711-003,2022-57102-LQ-0,Automotive Servicing,DCvET-3,11/07/2023
20230530-001,2021-18193-LQ-0,English Grammar and Composition,BSMM-4,30/05/2023
20230530-001,2021-18193-LQ-0,Research Writing Techniques,BSMM-4,30/05/2023
20230530-001,2021-18193-LQ-0,Philippine History,BSMM-4,30/05/2023
20231206-001,2022-46222-LQ-0,Basic Programming,DCpET-3,06/12/2023
20231129-001,2022-50987-LQ-0,Philippine History,BPA-3,29/11/2023
20231129-001,2022-50987-LQ-0,English Grammar and Composition,BPA-3,29/11/2023
20231129-001,2022-50987-LQ-0,Research Writing Techniques,BPA-3,29/11/2023
20231226-001,2024-38399-LQ-0,Structural Analysis,BSCE-1,26/12/2023
20231226-001,2024-38399-LQ-0,Geotechnical Engineering,BSCE-1,26/12/2023
20231226-001,2024-38399-LQ-0,Hydraulics,BSCE-1,26/12/2023
20231219-001,2023-15199-LQ-0,IT Fundamentals,DICT-2,19/12/2023
20231219-001,2023-15199-LQ-0,Web Development,DICT-2,19/12/2023
20230203-001,2022-14045-LQ-0,IT Fundamentals,DICT-3,03/02/2023
20231014-001,2022-52546-LQ-0,Basic Electrical Engineering,DEET-3,14/10/2023
20231014-001,2022-52546-LQ-0,Industrial Electronics,DEET-3,14/10/2023
20230326-001,2023-02737-LQ-0,Auditing Theory,BSA-2,26/03/2023
20230326-001,2023-02737-LQ-0,Advanced Financial Accounting,BSA-2,26/03/2023
20230914-003,2023-31457-LQ-0,Research Writing Techniques,BSBIO-2,14/09/2023
20230120-001,2023-96314-LQ-0,Computer Hardware,DCpET-2,20/01/2023
20230213-004,2024-15243-LQ-0,Philippine History,DOMT-1,13/02/2023
20230213-004,2024-15243-LQ-0,Research Writing Techniques,DOMT-1,13/02/2023
20230208-001,2021-29754-LQ-0,Research Writing Techniques,BSOA-4,08/02/2023
20230208-001,2021-29754-LQ-0,Philippine History,BSOA-4,08/02/2023
20230208-001,2021-29754-LQ-0,English Grammar and Composition,BSOA-4,08/02/2023
20230312-006,2021-73667-LQ-0,Research Writing Techniques,BSMM-4,12/03/2023
20230312-006,2021-73667-LQ-0,English Grammar and Composition,BSMM-4,12/03/2023
20240115-001,2023-09135-LQ-0,Philippine History,DOMT-2,15/01/2024
20240115-001,2023-09135-LQ-0,Research Writing Techniques,DOMT-2,15/01/2024
20240115-001,2023-09135-LQ-0,English Grammar and Composition,DOMT-2,15/01/2024
20240117-001,2024-52936-LQ-0,Philippine History,BEED-1,17/01/2024
20240117-001,2024-52936-LQ-0,Research Writing Techniques,BEED-1,17/01/2024
20240117-001,2024-52936-LQ-0,English Grammar and Composition,BEED-1,17/01/2024
20240211-001,2022-07390-LQ-0,Industrial Electronics,DEET-3,11/02/2024
20240609-002,2022-41763-LQ-0,Advanced Financial Accounting,BSA-3,09/06/2024
20240201-002,2024-31789-LQ-0,Web Development,DICT-1,01/02/2024
20230404-001,2023-25757-LQ-0,IT Fundamentals,DICT-2,04/04/2023
20230404-001,2023-25757-LQ-0,Web Development,DICT-2,04/04/2023
20240101-001,2024-10778-LQ-0,English Grammar and Composition,BEED-1,01/01/2024
20230323-003,2024-37261-LQ-0,Industrial Electronics,DEET-1,23/03/2023
20230323-003,2024-37261-LQ-0,Basic Electrical Engineering,DEET-1,23/03/2023
20230427-003,2021-07179-LQ-0,English Grammar and Composition,BSOA-4,27/04/2023
20240622-003,2022-61143-LQ-0,Web Development,DICT-3,22/06/2024
20231203-001,2021-78511-LQ-0,Assessment of Learning,BSED-4,03/12/2023
20231203-001,2021-78511-LQ-0,Curriculum Development,BSED-4,03/12/2023
20230808-001,2024-71641-LQ-0,Research Writing Techniques,BPA-1,08/08/2023
20230808-001,2024-71641-LQ-0,English Grammar and Composition,BPA-1,08/08/2023
20230808-001,2024-71641-LQ-0,Philippine History,BPA-1,08/08/2023
20230908-001,2024-92921-LQ-0,Philippine History,BSAM-1,08/09/2023
20230908-001,2024-92921-LQ-0,English Grammar and Composition,BSAM-1,08/09/2023
20240312-002,2024-46911-LQ-0,Power Systems,BSEE-1,12/03/2024
20240318-002,2022-20513-LQ-0,Basic Programming,DCpET-3,18/03/2024
20240318-002,2022-20513-LQ-0,Computer Hardware,DCpET-3,18/03/2024
20230816-001,2023-38732-LQ-0,Research Writing Techniques,BSAM-2,16/08/2023
20231111-001,2021-39487-LQ-0,Research Writing Techniques,BSBIO-4,11/11/2023
20231111-001,2021-39487-LQ-0,Philippine History,BSBIO-4,11/11/2023
20231111-001,2021-39487-LQ-0,English Grammar and Composition,BSBIO-4,11/11/2023
20230327-001,2022-24244-LQ-0,Housekeeping Management,BSHM-3,27/03/2023
20230327-001,2022-24244-LQ-0,Food and Beverage Services,BSHM-3,27/03/2023
20230521-001,2024-61918-LQ-0,Business Ethics,BSBA-1,21/05/2023
20230521-001,2024-61918-LQ-0,Principles of Marketing,BSBA-1,21/05/2023
20230521-001,2024-61918-LQ-0,Operations Management,BSBA-1,21/05/2023
20230207-001,2022-45818-LQ-0,Research Writing Techniques,BPA-3,07/02/2023
20230428-001,2023-26227-LQ-0,Research Writing Techniques,BSMM-2,28/04/2023
20230110-001,2021-24908-LQ-0,Curriculum Development,BSED-4,10/01/2023
20230305-001,2024-73009-LQ-0,Cost Accounting,BSA-1,05/03/2023
20230305-001,2024-73009-LQ-0,Taxation Law,BSA-1,05/03/2023
20230305-001,2024-73009-LQ-0,Auditing Theory,BSA-1,05/03/2023
20240423-002,2023-65769-LQ-0,Vehicle Maintenance,DCvET-2,23/04/2024
20240423-002,2023-65769-LQ-0,Automotive Servicing,DCvET-2,23/04/2024
20240624-001,2024-57131-LQ-0,Digital Logic Design,BSEE-1,24/06/2024
20240417-001,2021-04763-LQ-0,Research Writing Techniques,BEED-4,17/04/2024
20231124-002,2021-04262-LQ-0,Advanced Financial Accounting,BSA-4,24/11/2023
20240507-001,2023-59508-LQ-0,Philippine History,BPA-2,07/05/2024
20240507-001,2023-59508-LQ-0,Research Writing Techniques,BPA-2,07/05/2024
20230825-001,2024-43351-LQ-0,Principles of Marketing,BSBA-1,25/08/2023
20230825-001,2024-43351-LQ-0,Business Ethics,BSBA-1,25/08/2023
20230825-001,2024-43351-LQ-0,Operations Management,BSBA-1,25/08/2023
20231115-002,2023-95455-LQ-0,Research Writing Techniques,DOMT-2,15/11/2023
20231115-002,2023-95455-LQ-0,Philippine History,DOMT-2,15/11/2023
20231115-002,2023-95455-LQ-0,English Grammar and Composition,DOMT-2,15/11/2023
20230415-002,2022-12643-LQ-0,Research Writing Techniques,DOMT-3,15/04/2023
20230415-002,2022-12643-LQ-0,Philippine History,DOMT-3,15/04/2023
20231023-003,2022-16726-LQ-0,Data Structures in C,BSIT-3,23/10/2023
20240621-001,2022-46215-LQ-0,English Grammar and Composition,BPA-3,21/06/2024
20231128-003,2021-15643-LQ-0,Research Writing Techniques,BSND-4,28/11/2023
20230718-001,2022-11377-LQ-0,Philippine History,BSMM-3,18/07/2023
20230718-001,2022-11377-LQ-0,Research Writing Techniques,BSMM-3,18/07/2023
20230718-001,2022-11377-LQ-0,English Grammar and Composition,BSMM-3,18/07/2023
20240611-002,2023-62199-LQ-0,Curriculum Development,BSED-2,11/06/2024
20230130-002,2024-85637-LQ-0,Research Writing Techniques,BSAM-1,30/01/2023
20230130-002,2024-85637-LQ-0,English Grammar and Composition,BSAM-1,30/01/2023
20230130-002,2024-85637-LQ-0,Philippine History,BSAM-1,30/01/2023
20231012-001,2023-08778-LQ-0,Food and Beverage Services,BSHM-2,12/10/2023
20231012-001,2023-08778-LQ-0,Housekeeping Management,BSHM-2,12/10/2023
20230910-002,2022-38810-LQ-0,Food and Beverage Services,BSHM-3,10/09/2023
20230220-001,2024-39677-LQ-0,Food and Beverage Services,BSHM-1,20/02/2023
20230220-001,2024-39677-LQ-0,Housekeeping Management,BSHM-1,20/02/2023
20230805-002,2023-79160-LQ-0,Hydraulics,BSCE-2,05/08/2023
20230209-003,2023-40615-LQ-0,Philippine History,BSBIO-2,09/02/2023
20230526-001,2024-85519-LQ-0,Research Writing Techniques,BSND-1,26/05/2023
20230526-001,2024-85519-LQ-0,English Grammar and Composition,BSND-1,26/05/2023
20231007-001,2022-77625-LQ-0,Philippine History,BPA-3,07/10/2023
20231007-001,2022-77625-LQ-0,Research Writing Techniques,BPA-3,07/10/2023
20240202-002,2023-15011-LQ-0,Operations Management,BSBA-2,02/02/2024
20240202-002,2023-15011-LQ-0,Business Ethics,BSBA-2,02/02/2024
20230907-003,2024-29380-LQ-0,Basic Electrical Engineering,DEET-1,07/09/2023
20240509-002,2024-12487-LQ-0,Philippine History,BPA-1,09/05/2024
20240509-002,2024-12487-LQ-0,English Grammar and Composition,BPA-1,09/05/2024
20230512-001,2021-18067-LQ-0,Operations Management,BSBA-4,12/05/2023
20230512-001,2021-18067-LQ-0,Principles of Marketing,BSBA-4,12/05/2023
20230207-002,2023-41903-LQ-0,English Grammar and Composition,BPA-2,07/02/2023
20240523-003,2023-80854-LQ-0,Research Writing Techniques,BSAM-2,23/05/2024
20240316-001,2022-66293-LQ-0,Industrial Electronics,DEET-3,16/03/2024
20240518-001,2024-14818-LQ-0,Philippine History,BSMM-1,18/05/2024
20230806-001,2024-18331-LQ-0,Philippine History,BPA-1,06/08/2023
20230209-004,2024-87226-LQ-0,Philippine History,BSOA-1,09/02/2023
20230209-004,2024-87226-LQ-0,Research Writing Techniques,BSOA-1,09/02/2023
20230305-002,2022-11671-LQ-0,Curriculum Development,BSED-3,05/03/2023
20230305-002,2022-11671-LQ-0,Assessment of Learning,BSED-3,05/03/2023
20240130-001,2023-84906-LQ-0,Web Development,DICT-2,30/01/2024
20240130-001,2023-84906-LQ-0,IT Fundamentals,DICT-2,30/01/2024
20230725-003,2024-43572-LQ-0,Philippine History,BSAM-1,25/07/2023
20230725-003,2024-43572-LQ-0,English Grammar and Composition,BSAM-1,25/07/2023
20230725-003,2024-43572-LQ-0,Research Writing Techniques,BSAM-1,25/07/2023
20231107-001,2023-52727-LQ-0,Vehicle Maintenance,DCvET-2,07/11/2023
20231107-001,2023-52727-LQ-0,Automotive Servicing,DCvET-2,07/11/2023
20240330-001,2024-41938-LQ-0,Food and Beverage Services,BSHM-1,30/03/2024
20240330-001,2024-41938-LQ-0,Housekeeping Management,BSHM-1,30/03/2024
20230620-002,2023-39423-LQ-0,Philippine History,BSND-2,20/06/2023
20230620-002,2023-39423-LQ-0,Research Writing Techniques,BSND-2,20/06/2023
20231231-002,2022-33698-LQ-0,Food and Beverage Services,BSHM-3,31/12/2023
20231231-002,2022-33698-LQ-0,Housekeeping Management,BSHM-3,31/12/2023
20230205-001,2022-77666-LQ-0,Research Writing Techniques,BSBIO-3,05/02/2023
20230205-001,2022-77666-LQ-0,Philippine History,BSBIO-3,05/02/2023
20230205-001,2022-77666-LQ-0,English Grammar and Composition,BSBIO-3,05/02/2023
20231130-001,2022-67421-LQ-0,Artificial Intelligence,BSIT-3,30/11/2023
20230705-001,2022-45685-LQ-0,Philippine History,BSBIO-3,05/07/2023
20230705-001,2022-45685-LQ-0,Research Writing Techniques,BSBIO-3,05/07/2023
20231026-001,2022-79620-LQ-0,IT Fundamentals,DICT-3,26/10/2023
20230502-001,2021-14130-LQ-0,English Grammar and Composition,BSMM-4,02/05/2023
20231109-001,2021-41662-LQ-0,Computer Networks,BSIT-4,09/11/2023
20230825-002,2024-37705-LQ-0,Research Writing Techniques,DOMT-1,25/08/2023
20230321-001,2022-49090-LQ-0,English Grammar and Composition,BEED-3,21/03/2023
20240220-001,2024-75464-LQ-0,Geotechnical Engineering,BSCE-1,20/02/2024
20240220-001,2024-75464-LQ-0,Hydraulics,BSCE-1,20/02/2024
20240220-001,2024-75464-LQ-0,Structural Analysis,BSCE-1,20/02/2024
20230428-002,2024-00771-LQ-0,Industrial Electronics,DEET-1,28/04/2023
20230428-002,2024-00771-LQ-0,Basic Electrical Engineering,DEET-1,28/04/2023
20240220-002,2022-58465-LQ-0,Structural Analysis,BSCE-3,20/02/2024
20231023-004,2022-03479-LQ-0,Philippine History,BEED-3,23/10/2023
20230608-002,2024-50505-LQ-0,English Grammar and Composition,DOMT-1,08/06/2023
20230608-002,2024-50505-LQ-0,Philippine History,DOMT-1,08/06/2023
20230608-002,2024-50505-LQ-0,Research Writing Techniques,DOMT-1,08/06/2023
20240505-001,2023-58968-LQ-0,Philippine History,BSAM-2,05/05/2024
20240304-001,2024-62964-LQ-0,English Grammar and Composition,BSOA-1,04/03/2024
20240304-001,2024-62964-LQ-0,Research Writing Techniques,BSOA-1,04/03/2024
20230808-002,2024-50582-LQ-0,Computer Hardware,DCpET-1,08/08/2023
20230808-002,2024-50582-LQ-0,Basic Programming,DCpET-1,08/08/2023
20230405-001,2022-46478-LQ-0,Research Writing Techniques,DOMT-3,05/04/2023
20230405-001,2022-46478-LQ-0,English Grammar and Composition,DOMT-3,05/04/2023
20230405-001,2022-46478-LQ-0,Philippine History,DOMT-3,05/04/2023
20231205-002,2023-33151-LQ-0,Hydraulics,BSCE-2,05/12/2023
20231001-002,2023-48062-LQ-0,Business Ethics,BSBA-2,01/10/2023
20231001-002,2023-48062-LQ-0,Operations Management,BSBA-2,01/10/2023
20230420-001,2021-24342-LQ-0,Building Utilities,BSARCHI-4,20/04/2023
20230420-001,2021-24342-LQ-0,Architectural Design,BSARCHI-4,20/04/2023
20240608-001,2022-65282-LQ-0,English Grammar and Composition,BSBIO-3,08/06/2024
20240608-001,2022-65282-LQ-0,Research Writing Techniques,BSBIO-3,08/06/2024
20231120-002,2022-92526-LQ-0,Computer Hardware,DCpET-3,20/11/2023
20231120-002,2022-92526-LQ-0,Basic Programming,DCpET-3,20/11/2023
20231007-002,2022-37351-LQ-0,Philippine History,BSND-3,07/10/2023
20230709-001,2021-66069-LQ-0,Food and Beverage Services,BSHM-4,09/07/2023
20230709-001,2021-66069-LQ-0,Housekeeping Management,BSHM-4,09/07/2023
20230324-002,2022-95044-LQ-0,English Grammar and Composition,BSBIO-3,24/03/2023
20230531-001,2023-68314-LQ-0,Research Writing Techniques,BSOA-2,31/05/2023
20230531-001,2023-68314-LQ-0,Philippine History,BSOA-2,31/05/2023
20230420-002,2023-64132-LQ-0,Philippine History,BSBIO-2,20/04/2023
20230420-002,2023-64132-LQ-0,Research Writing Techniques,BSBIO-2,20/04/2023
20230420-002,2023-64132-LQ-0,English Grammar and Composition,BSBIO-2,20/04/2023
20240117-002,2022-16206-LQ-0,Web Development,DICT-3,17/01/2024
20240117-002,2022-16206-LQ-0,IT Fundamentals,DICT-3,17/01/2024
20230925-001,2023-35816-LQ-0,Philippine History,DOMT-2,25/09/2023
20240409-002,2024-30853-LQ-0,Basic Programming,DCpET-1,09/04/2024
20240409-002,2024-30853-LQ-0,Computer Hardware,DCpET-1,09/04/2024
20230218-001,2024-56269-LQ-0,Vehicle Maintenance,DCvET-1,18/02/2023
20231129-002,2024-46915-LQ-0,Structural Analysis,BSCE-1,29/11/2023
20231011-002,2024-58389-LQ-0,Vehicle Maintenance,DCvET-1,11/10/2023
20231011-002,2024-58389-LQ-0,Automotive Servicing,DCvET-1,11/10/2023
20240114-002,2024-00678-LQ-0,Auditing Theory,BSA-1,14/01/2024
20240114-002,2024-00678-LQ-0,Advanced Financial Accounting,BSA-1,14/01/2024
20240114-002,2024-00678-LQ-0,Taxation Law,BSA-1,14/01/2024
20230404-002,2021-11012-LQ-0,Architectural Design,BSARCHI-4,04/04/2023
20230404-002,2021-11012-LQ-0,Building Utilities,BSARCHI-4,04/04/2023
20231224-001,2022-71498-LQ-0,Housekeeping Management,BSHM-3,24/12/2023
20231224-001,2022-71498-LQ-0,Food and Beverage Services,BSHM-3,24/12/2023
20240217-001,2022-30204-LQ-0,Research Writing Techniques,BSBIO-3,17/02/2024
20230821-001,2022-32309-LQ-0,Computer Networks,BSIT-3,21/08/2023
20230821-001,2022-32309-LQ-0,Database System Concepts,BSIT-3,21/08/2023
20230821-001,2022-32309-LQ-0,Introduction to Programming,BSIT-3,21/08/2023
20230511-001,2024-75291-LQ-0,Industrial Electronics,DEET-1,11/05/2023
20230511-001,2024-75291-LQ-0,Basic Electrical Engineering,DEET-1,11/05/2023
20240221-001,2021-47408-LQ-0,Business Ethics,BSBA-4,21/02/2024
20240221-001,2021-47408-LQ-0,Principles of Marketing,BSBA-4,21/02/2024
20230911-002,2021-50334-LQ-0,Philippine History,BSAM-4,11/09/2023
20240621-002,2023-16363-LQ-0,Vehicle Maintenance,DCvET-2,21/06/2024
20240621-002,2023-16363-LQ-0,Automotive Servicing,DCvET-2,21/06/2024
20231115-003,2022-11452-LQ-0,Philippine History,BSBIO-3,15/11/2023
20231115-003,2022-11452-LQ-0,Research Writing Techniques,BSBIO-3,15/11/2023
20240331-002,2022-54463-LQ-0,Artificial Intelligence,BSIT-3,31/03/2024
20231108-002,2022-39156-LQ-0,Electric Circuits,BSEE-3,08/11/2023
20231108-002,2022-39156-LQ-0,Digital Logic Design,BSEE-3,08/11/2023
20231108-002,2022-39156-LQ-0,Power Systems,BSEE-3,08/11/2023
20230325-001,2021-18812-LQ-0,English Grammar and Composition,BSND-4,25/03/2023
20230605-001,2024-78177-LQ-0,Data Structures in C,BSIT-1,05/06/2023
20230428-003,2023-60514-LQ-0,Research Writing Techniques,BPA-2,28/04/2023
20230428-003,2023-60514-LQ-0,Philippine History,BPA-2,28/04/2023
20230123-002,2022-64037-LQ-0,English Grammar and Composition,BSBIO-3,23/01/2023
20230123-002,2022-64037-LQ-0,Philippine History,BSBIO-3,23/01/2023
20230110-002,2024-13220-LQ-0,Advanced Financial Accounting,BSA-1,10/01/2023
20230707-001,2022-19248-LQ-0,Geotechnical Engineering,BSCE-3,07/07/2023
20230707-001,2022-19248-LQ-0,Hydraulics,BSCE-3,07/07/2023
20230204-004,2021-14809-LQ-0,Assessment of Learning,BSED-4,04/02/2023
20230204-004,2021-14809-LQ-0,Curriculum Development,BSED-4,04/02/2023
20240512-001,2023-55828-LQ-0,Architectural Design,BSARCHI-2,12/05/2024
20240512-001,2023-55828-LQ-0,Building Utilities,BSARCHI-2,12/05/2024
20240318-003,2022-25764-LQ-0,English Grammar and Composition,BSAM-3,18/03/2024
20240318-003,2022-25764-LQ-0,Research Writing Techniques,BSAM-3,18/03/2024
20231117-001,2021-83610-LQ-0,Operations Management,BSBA-4,17/11/2023
20240603-002,2022-65583-LQ-0,Research Writing Techniques,BSAM-3,03/06/2024
20240603-002,2022-65583-LQ-0,English Grammar and Composition,BSAM-3,03/06/2024
20230422-001,2023-57923-LQ-0,Curriculum Development,BSED-2,22/04/2023
20230422-001,2023-57923-LQ-0,Assessment of Learning,BSED-2,22/04/2023
20240613-001,2024-64300-LQ-0,Basic Programming,DCpET-1,13/06/2024
20240613-001,2024-64300-LQ-0,Computer Hardware,DCpET-1,13/06/2024
20230515-002,2023-03814-LQ-0,Philippine History,DOMT-2,15/05/2023
20230515-002,2023-03814-LQ-0,Research Writing Techniques,DOMT-2,15/05/2023
20240106-001,2022-20293-LQ-0,Basic Electrical Engineering,DEET-3,06/01/2024
20240106-001,2022-20293-LQ-0,Industrial Electronics,DEET-3,06/01/2024
20230826-002,2021-35606-LQ-0,Principles of Marketing,BSBA-4,26/08/2023
20230324-003,2021-76199-LQ-0,Digital Logic Design,BSEE-4,24/03/2023
20230324-003,2021-76199-LQ-0,Power Systems,BSEE-4,24/03/2023
20230601-002,2021-61357-LQ-0,English Grammar and Composition,BEED-4,01/06/2023
20230601-002,2021-61357-LQ-0,Research Writing Techniques,BEED-4,01/06/2023
20230601-002,2021-61357-LQ-0,Philippine History,BEED-4,01/06/2023
20230202-002,2021-33778-LQ-0,Research Writing Techniques,BSND-4,02/02/2023
20231010-001,2024-23499-LQ-0,Advanced Financial Accounting,BSA-1,10/10/2023
20231010-001,2024-23499-LQ-0,Taxation Law,BSA-1,10/10/2023
20231010-001,2024-23499-LQ-0,Cost Accounting,BSA-1,10/10/2023
20240521-002,2021-04553-LQ-0,English Grammar and Composition,BSAM-4,21/05/2024
20240521-002,2021-04553-LQ-0,Philippine History,BSAM-4,21/05/2024
20230620-003,2023-17681-LQ-0,Business Ethics,BSBA-2,20/06/2023
20230514-002,2023-20716-LQ-0,Curriculum Development,BSED-2,14/05/2023
20230514-002,2023-20716-LQ-0,Assessment of Learning,BSED-2,14/05/2023
20231226-002,2022-01947-LQ-0,Philippine History,BSAM-3,26/12/2023
20231226-002,2022-01947-LQ-0,Research Writing Techniques,BSAM-3,26/12/2023
20230422-002,2022-32647-LQ-0,Digital Logic Design,BSEE-3,22/04/2023
20230422-002,2022-32647-LQ-0,Electric Circuits,BSEE-3,22/04/2023
20230422-002,2022-32647-LQ-0,Power Systems,BSEE-3,22/04/2023
20240412-002,2022-69437-LQ-0,Housekeeping Management,BSHM-3,12/04/2024
20240412-002,2022-69437-LQ-0,Food and Beverage Services,BSHM-3,12/04/2024
20230929-001,2022-65370-LQ-0,Housekeeping Management,BSHM-3,29/09/2023
20230929-001,2022-65370-LQ-0,Food and Beverage Services,BSHM-3,29/09/2023
20230420-003,2023-73931-LQ-0,IT Fundamentals,DICT-2,20/04/2023
20230420-003,2023-73931-LQ-0,Web Development,DICT-2,20/04/2023
20230324-004,2023-47102-LQ-0,English Grammar and Composition,BSBIO-2,24/03/2023
20230324-004,2023-47102-LQ-0,Research Writing Techniques,BSBIO-2,24/03/2023
20230324-004,2023-47102-LQ-0,Philippine History,BSBIO-2,24/03/2023
20230423-003,2024-54383-LQ-0,Basic Electrical Engineering,DEET-1,23/04/2023
20230423-003,2024-54383-LQ-0,Industrial Electronics,DEET-1,23/04/2023
20230225-001,2022-31744-LQ-0,Assessment of Learning,BSED-3,25/02/2023
20230225-001,2022-31744-LQ-0,Curriculum Development,BSED-3,25/02/2023
20230123-003,2022-95449-LQ-0,Basic Programming,DCpET-3,23/01/2023
20240504-001,2021-88097-LQ-0,English Grammar and Composition,BSMM-4,04/05/2024
20231104-002,2023-61165-LQ-0,English Grammar and Composition,BSAM-2,04/11/2023
20240212-001,2024-91166-LQ-0,Philippine History,DOMT-1,12/02/2024
20240212-001,2024-91166-LQ-0,English Grammar and Composition,DOMT-1,12/02/2024
20240212-001,2024-91166-LQ-0,Research Writing Techniques,DOMT-1,12/02/2024
20230608-003,2022-43948-LQ-0,Introduction to Programming,BSIT-3,08/06/2023
20230608-003,2022-43948-LQ-0,Artificial Intelligence,BSIT-3,08/06/2023
20230608-003,2022-43948-LQ-0,Computer Networks,BSIT-3,08/06/2023
20231125-002,2024-73232-LQ-0,Automotive Servicing,DCvET-1,25/11/2023
20230218-002,2022-08709-LQ-0,Research Writing Techniques,BSBIO-3,18/02/2023
20230218-002,2022-08709-LQ-0,Philippine History,BSBIO-3,18/02/2023
20230218-002,2022-08709-LQ-0,English Grammar and Composition,BSBIO-3,18/02/2023
20230630-002,2024-27364-LQ-0,Architectural Design,BSARCHI-1,30/06/2023
20230630-002,2024-27364-LQ-0,Building Utilities,BSARCHI-1,30/06/2023
20230718-002,2024-84118-LQ-0,Curriculum Development,BSED-1,18/07/2023
20230718-002,2024-84118-LQ-0,Assessment of Learning,BSED-1,18/07/2023
20230327-002,2022-15209-LQ-0,Operations Management,BSBA-3,27/03/2023
20230327-002,2022-15209-LQ-0,Principles of Marketing,BSBA-3,27/03/2023
20231201-002,2024-75239-LQ-0,Research Writing Techniques,BSOA-1,01/12/2023
20231201-002,2024-75239-LQ-0,English Grammar and Composition,BSOA-1,01/12/2023
20231223-001,2024-81072-LQ-0,Research Writing Techniques,BPA-1,23/12/2023
20231223-001,2024-81072-LQ-0,Philippine History,BPA-1,23/12/2023
20231223-001,2024-81072-LQ-0,English Grammar and Composition,BPA-1,23/12/2023
20230217-001,2021-46326-LQ-0,Research Writing Techniques,BSBIO-4,17/02/2023
20230217-001,2021-46326-LQ-0,English Grammar and Composition,BSBIO-4,17/02/2023
20231028-001,2023-15914-LQ-0,Industrial Electronics,DEET-2,28/10/2023
20231028-001,2023-15914-LQ-0,Basic Electrical Engineering,DEET-2,28/10/2023
20230829-001,2024-11001-LQ-0,Database System Concepts,BSIT-1,29/08/2023
20231027-003,2021-35337-LQ-0,Architectural Design,BSARCHI-4,27/10/2023
20231027-003,2021-35337-LQ-0,Building Utilities,BSARCHI-4,27/10/2023
20230101-001,2023-01692-LQ-0,Housekeeping Management,BSHM-2,01/01/2023
20230101-001,2023-01692-LQ-0,Food and Beverage Services,BSHM-2,01/01/2023
20240331-003,2024-18739-LQ-0,Building Utilities,BSARCHI-1,31/03/2024
20240331-003,2024-18739-LQ-0,Architectural Design,BSARCHI-1,31/03/2024
20230116-003,2024-92029-LQ-0,Advanced Financial Accounting,BSA-1,16/01/2023
20240516-001,2024-14921-LQ-0,Research Writing Techniques,BSMM-1,16/05/2024
20230727-004,2022-10167-LQ-0,IT Fundamentals,DICT-3,27/07/2023
20230727-004,2022-10167-LQ-0,Web Development,DICT-3,27/07/2023
20240410-003,2024-17648-LQ-0,Basic Programming,DCpET-1,10/04/2024
20231214-002,2021-22506-LQ-0,Computer Networks,BSIT-4,14/12/2023
20231214-002,2021-22506-LQ-0,Introduction to Programming,BSIT-4,14/12/2023
20231214-002,2021-22506-LQ-0,Data Structures in C,BSIT-4,14/12/2023
20240318-004,2021-47455-LQ-0,English Grammar and Composition,BSND-4,18/03/2024
20240318-004,2021-47455-LQ-0,Research Writing Techniques,BSND-4,18/03/2024
20240318-004,2021-47455-LQ-0,Philippine History,BSND-4,18/03/2024
20230519-003,2023-41115-LQ-0,English Grammar and Composition,BSND-2,19/05/2023
20230519-003,2023-41115-LQ-0,Research Writing Techniques,BSND-2,19/05/2023
20230519-003,2023-41115-LQ-0,Philippine History,BSND-2,19/05/2023
20230313-002,2024-76028-LQ-0,Principles of Marketing,BSBA-1,13/03/2023
20230313-002,2024-76028-LQ-0,Operations Management,BSBA-1,13/03/2023
20230313-002,2024-76028-LQ-0,Business Ethics,BSBA-1,13/03/2023
20230123-004,2022-28065-LQ-0,Assessment of Learning,BSED-3,23/01/2023
20230123-004,2022-28065-LQ-0,Curriculum Development,BSED-3,23/01/2023
20240426-001,2021-96240-LQ-0,Power Systems,BSEE-4,26/04/2024
20231030-001,2021-86220-LQ-0,English Grammar and Composition,BSOA-4,30/10/2023
20231030-001,2021-86220-LQ-0,Research Writing Techniques,BSOA-4,30/10/2023
20240312-003,2024-42111-LQ-0,Taxation Law,BSA-1,12/03/2024
20240312-003,2024-42111-LQ-0,Cost Accounting,BSA-1,12/03/2024
20230304-001,2022-66634-LQ-0,Curriculum Development,BSED-3,04/03/2023
20240618-001,2022-07667-LQ-0,Business Ethics,BSBA-3,18/06/2024
20240618-001,2022-07667-LQ-0,Operations Management,BSBA-3,18/06/2024
20240618-001,2022-07667-LQ-0,Principles of Marketing,BSBA-3,18/06/2024
20230406-001,2021-92467-LQ-0,Operations Management,BSBA-4,06/04/2023
20230406-001,2021-92467-LQ-0,Business Ethics,BSBA-4,06/04/2023
20240111-001,2022-15493-LQ-0,Research Writing Techniques,BSOA-3,11/01/2024
20240111-001,2022-15493-LQ-0,Philippine History,BSOA-3,11/01/2024
20240111-001,2022-15493-LQ-0,English Grammar and Composition,BSOA-3,11/01/2024
20230916-002,2024-92840-LQ-0,Philippine History,BSAM-1,16/09/2023
20230308-002,2022-06601-LQ-0,English Grammar and Composition,BEED-3,08/03/2023
20231015-001,2024-07268-LQ-0,Philippine History,BPA-1,15/10/2023
20231015-001,2024-07268-LQ-0,Research Writing Techniques,BPA-1,15/10/2023
20240606-002,2024-80798-LQ-0,Philippine History,BSND-1,06/06/2024
20230625-001,2022-79431-LQ-0,Curriculum Development,BSED-3,25/06/2023
20230625-001,2022-79431-LQ-0,Assessment of Learning,BSED-3,25/06/2023
20231017-002,2023-94493-LQ-0,Business Ethics,BSBA-2,17/10/2023
20231017-002,2023-94493-LQ-0,Principles of Marketing,BSBA-2,17/10/2023
20231017-002,2023-94493-LQ-0,Operations Management,BSBA-2,17/10/2023
20231214-003,2022-04262-LQ-0,Philippine History,BEED-3,14/12/2023
20240414-002,2021-18253-LQ-0,Architectural Design,BSARCHI-4,14/04/2024
20230706-001,2023-19356-LQ-0,Housekeeping Management,BSHM-2,06/07/2023
20230706-001,2023-19356-LQ-0,Food and Beverage Services,BSHM-2,06/07/2023
20240227-001,2021-25702-LQ-0,Philippine History,BEED-4,27/02/2024
20240227-001,2021-25702-LQ-0,English Grammar and Composition,BEED-4,27/02/2024
20240227-001,2021-25702-LQ-0,Research Writing Techniques,BEED-4,27/02/2024
20230315-002,2021-05249-LQ-0,Operations Management,BSBA-4,15/03/2023
20230315-002,2021-05249-LQ-0,Principles of Marketing,BSBA-4,15/03/2023
20230502-002,2023-71480-LQ-0,Business Ethics,BSBA-2,02/05/2023
20230502-002,2023-71480-LQ-0,Principles of Marketing,BSBA-2,02/05/2023
20230502-002,2023-71480-LQ-0,Operations Management,BSBA-2,02/05/2023
20231104-003,2021-39992-LQ-0,Geotechnical Engineering,BSCE-4,04/11/2023
20231104-003,2021-39992-LQ-0,Structural Analysis,BSCE-4,04/11/2023
20231104-003,2021-39992-LQ-0,Hydraulics,BSCE-4,04/11/2023
20240607-001,2021-35210-LQ-0,Cost Accounting,BSA-4,07/06/2024
20230501-001,2023-28776-LQ-0,Philippine History,BSND-2,01/05/2023
20230501-001,2023-28776-LQ-0,English Grammar and Composition,BSND-2,01/05/2023
20230426-001,2023-47490-LQ-0,Research Writing Techniques,BSND-2,26/04/2023
20230426-001,2023-47490-LQ-0,English Grammar and Composition,BSND-2,26/04/2023
20230809-001,2023-69200-LQ-0,Vehicle Maintenance,DCvET-2,09/08/2023
20230809-001,2023-69200-LQ-0,Automotive Servicing,DCvET-2,09/08/2023
20240208-001,2021-96478-LQ-0,Food and Beverage Services,BSHM-4,08/02/2024
20240208-001,2021-96478-LQ-0,Housekeeping Management,BSHM-4,08/02/2024
20230319-001,2022-87595-LQ-0,Auditing Theory,BSA-3,19/03/2023
20230319-001,2022-87595-LQ-0,Taxation Law,BSA-3,19/03/2023
20231210-001,2021-01950-LQ-0,Research Writing Techniques,BSND-4,10/12/2023
20231210-001,2021-01950-LQ-0,Philippine History,BSND-4,10/12/2023
20231210-001,2021-01950-LQ-0,English Grammar and Composition,BSND-4,10/12/2023
20230427-004,2023-97435-LQ-0,Philippine History,BSOA-2,27/04/2023
20230427-004,2023-97435-LQ-0,English Grammar and Composition,BSOA-2,27/04/2023
20230427-004,2023-97435-LQ-0,Research Writing Techniques,BSOA-2,27/04/2023
20230505-002,2021-52277-LQ-0,Architectural Design,BSARCHI-4,05/05/2023
20230505-002,2021-52277-LQ-0,Building Utilities,BSARCHI-4,05/05/2023
20230314-001,2024-89404-LQ-0,English Grammar and Composition,DOMT-1,14/03/2023
20230314-001,2024-89404-LQ-0,Philippine History,DOMT-1,14/03/2023
20230314-001,2024-89404-LQ-0,Research Writing Techniques,DOMT-1,14/03/2023
20240418-001,2022-74561-LQ-0,Philippine History,BSND-3,18/04/2024
20231031-002,2023-60193-LQ-0,Philippine History,BPA-2,31/10/2023
20231031-002,2023-60193-LQ-0,English Grammar and Composition,BPA-2,31/10/2023
20231031-002,2023-60193-LQ-0,Research Writing Techniques,BPA-2,31/10/2023
20230411-001,2021-92935-LQ-0,Philippine History,BSAM-4,11/04/2023
20230411-001,2021-92935-LQ-0,English Grammar and Composition,BSAM-4,11/04/2023
20231212-002,2023-87444-LQ-0,Taxation Law,BSA-2,12/12/2023
20231212-002,2023-87444-LQ-0,Cost Accounting,BSA-2,12/12/2023
20231212-002,2023-87444-LQ-0,Advanced Financial Accounting,BSA-2,12/12/2023
20231130-002,2021-38571-LQ-0,English Grammar and Composition,BSND-4,30/11/2023
20240405-004,2024-01830-LQ-0,English Grammar and Composition,BPA-1,05/04/2024
20240405-004,2024-01830-LQ-0,Research Writing Techniques,BPA-1,05/04/2024
20231022-001,2022-98133-LQ-0,Industrial Electronics,DEET-3,22/10/2023
20231022-001,2022-98133-LQ-0,Basic Electrical Engineering,DEET-3,22/10/2023
20231119-002,2023-03668-LQ-0,Auditing Theory,BSA-2,19/11/2023
20231119-002,2023-03668-LQ-0,Cost Accounting,BSA-2,19/11/2023
20230928-002,2024-80324-LQ-0,Web Development,DICT-1,28/09/2023
20230928-002,2024-80324-LQ-0,IT Fundamentals,DICT-1,28/09/2023
20240226-001,2023-29668-LQ-0,Automotive Servicing,DCvET-2,26/02/2024
20240314-002,2022-52172-LQ-0,Computer Hardware,DCpET-3,14/03/2024
20230220-002,2023-01267-LQ-0,Principles of Marketing,BSBA-2,20/02/2023
20231203-002,2023-67237-LQ-0,Web Development,DICT-2,03/12/2023
20231203-002,2023-67237-LQ-0,IT Fundamentals,DICT-2,03/12/2023
20240307-001,2024-32011-LQ-0,Research Writing Techniques,BSND-1,07/03/2024
20240307-001,2024-32011-LQ-0,English Grammar and Composition,BSND-1,07/03/2024
20240307-001,2024-32011-LQ-0,Philippine History,BSND-1,07/03/2024
20240414-003,2023-83840-LQ-0,Computer Hardware,DCpET-2,14/04/2024
20240414-003,2023-83840-LQ-0,Basic Programming,DCpET-2,14/04/2024
20230507-002,2023-81588-LQ-0,Principles of Marketing,BSBA-2,07/05/2023
20230507-002,2023-81588-LQ-0,Business Ethics,BSBA-2,07/05/2023
20230507-002,2023-81588-LQ-0,Operations Management,BSBA-2,07/05/2023
20230211-001,2022-98987-LQ-0,English Grammar and Composition,BEED-3,11/02/2023
20230211-001,2022-98987-LQ-0,Philippine History,BEED-3,11/02/2023
20230211-001,2022-98987-LQ-0,Research Writing Techniques,BEED-3,11/02/2023
20230401-002,2021-58212-LQ-0,Electric Circuits,BSEE-4,01/04/2023
20230401-002,2021-58212-LQ-0,Power Systems,BSEE-4,01/04/2023
20230401-002,2021-58212-LQ-0,Digital Logic Design,BSEE-4,01/04/2023
20230523-001,2021-20123-LQ-0,Research Writing Techniques,BSOA-4,23/05/2023
20230523-001,2021-20123-LQ-0,English Grammar and Composition,BSOA-4,23/05/2023
20230523-001,2021-20123-LQ-0,Philippine History,BSOA-4,23/05/2023
20230804-001,2021-65052-LQ-0,Building Utilities,BSARCHI-4,04/08/2023
20230804-001,2021-65052-LQ-0,Architectural Design,BSARCHI-4,04/08/2023
20230530-002,2023-25026-LQ-0,Power Systems,BSEE-2,30/05/2023
20230703-001,2023-49628-LQ-0,Housekeeping Management,BSHM-2,03/07/2023
20230703-001,2023-49628-LQ-0,Food and Beverage Services,BSHM-2,03/07/2023
20240207-002,2021-91913-LQ-0,Electric Circuits,BSEE-4,07/02/2024
20240207-002,2021-91913-LQ-0,Digital Logic Design,BSEE-4,07/02/2024
20230814-001,2022-87484-LQ-0,English Grammar and Composition,DOMT-3,14/08/2023
20230127-002,2023-35052-LQ-0,Business Ethics,BSBA-2,27/01/2023
20230127-002,2023-35052-LQ-0,Principles of Marketing,BSBA-2,27/01/2023
20230406-002,2022-22763-LQ-0,Curriculum Development,BSED-3,06/04/2023
20230406-002,2022-22763-LQ-0,Assessment of Learning,BSED-3,06/04/2023
20231128-004,2022-90503-LQ-0,Business Ethics,BSBA-3,28/11/2023
20231128-004,2022-90503-LQ-0,Principles of Marketing,BSBA-3,28/11/2023
20231216-001,2023-35738-LQ-0,English Grammar and Composition,BSMM-2,16/12/2023
20231216-001,2023-35738-LQ-0,Research Writing Techniques,BSMM-2,16/12/2023
20231015-002,2023-71183-LQ-0,English Grammar and Composition,DOMT-2,15/10/2023
20230428-004,2021-84766-LQ-0,Research Writing Techniques,BEED-4,28/04/2023
20230428-004,2021-84766-LQ-0,English Grammar and Composition,BEED-4,28/04/2023
20230428-004,2021-84766-LQ-0,Philippine History,BEED-4,28/04/2023
20240402-001,2023-35258-LQ-0,Principles of Marketing,BSBA-2,02/04/2024
20240402-001,2023-35258-LQ-0,Operations Management,BSBA-2,02/04/2024
20231012-002,2023-69297-LQ-0,Architectural Design,BSARCHI-2,12/10/2023
20231012-002,2023-69297-LQ-0,Building Utilities,BSARCHI-2,12/10/2023
20230706-002,2022-56946-LQ-0,Basic Programming,DCpET-3,06/07/2023
20230130-003,2023-25443-LQ-0,Web Development,DICT-2,30/01/2023
20230130-003,2023-25443-LQ-0,IT Fundamentals,DICT-2,30/01/2023
20231026-002,2022-67025-LQ-0,Housekeeping Management,BSHM-3,26/10/2023
20231026-002,2022-67025-LQ-0,Food and Beverage Services,BSHM-3,26/10/2023
20230113-002,2023-19126-LQ-0,Web Development,DICT-2,13/01/2023
20240607-002,2023-82514-LQ-0,Web Development,DICT-2,07/06/2024
20230508-003,2024-35723-LQ-0,Automotive Servicing,DCvET-1,08/05/2023
20230508-003,2024-35723-LQ-0,Vehicle Maintenance,DCvET-1,08/05/2023
